{
    "flow": {
      "datetime": [
        "2023-12-16T03:14:24.660Z"
      ],
      "data": [6.6775, 5.2125, 3.6075, 3.1675, 2.65, 2.6325, 3.63, 7.745, 8.0925, 7.0575, 6.65, 6.8374999999999995, 6.92, 6.885, 6.4875, 7.165, 7.913333333333333, 7.18, 7.29, 7.1675, 8.1625, 9.3325, 8.677499999999998, 7.737500000000001, 6.8025, 5.315, 3.93, 3.4775, 3.2475, 3.2875, 4.4775, 7.9275, 7.8475, 7.085, 6.91, 6.4825, 6.19, 6.3625, 6.9275, 7.2975, 7.7275, 9.8825, 10.84, 11.0425, 11.817499999999999, 13.0725, 12.5025, 11.3575, 10.4025, 6.7475, 4.1275, 3.5575, 3.1525, 3.0575, 3.9924999999999997, 7.879999999999999, 7.585000000000001, 6.515, 6.05, 6.5725, 6.915, 6.93, 7.65, 7.2875, 7.17, 6.6850000000000005, 7.17, 7.6274999999999995, 8.5375, 9.19, 8.59, 8.07, 6.7725, 5.4825, 3.895, 3.4475000000000002, 3.0225, 2.9325, 3.76, 7.657500000000001, 11.305, 11.2025, 10.317499999999999, 9.8725, 8.2525, 7.9425, 7.5425, 7.35, 7.6475, 7.0600000000000005, 6.57, 7.1825, 8.254999999999999, 8.5875, 7.595, 7.04, 6.2875, 5.3375, 3.7199999999999998, 3.2424999999999997, 2.835, 2.8775, 4.0675, 7.0225, 7.37, 6.5024999999999995, 7.405, 8.42, 6.9325, 7.04, 6.8925, 6.4575, 7.1775, 6.5875, 7.4350000000000005, 8.4525, 8.1475, 7.4375, 7.3625, 6.975, 6.825, 5.5275, 4.1775, 3.5975, 3.2175000000000002, 3.31, 4.355, 5.675000000000001, 5.8275, 6.5075, 7.952500000000001, 8.7125, 9.385, 8.2375, 7.425, 6.45, 6.24, 6.2825, 6.62, 6.952500000000001, 7.26, 7.4725, 7.165, 6.8375, 6.6575, 5.28, 4.36, 3.635, 3.245, 3.3525, 3.9825, 5.41, 5.4125, 6.9825, 8.8325, 9.24, 8.87, 9.0475, 8.0975, 7.845000000000001, 6.995, 6.35, 7.06, 7.5, 8.8575, 9.7375, 8.625, 7.404999999999999
      ],
      "anomaly": [0, 0, 0, 0, 0, 0, 0, 0, 0, 0, 0, 0, 0, 0, 0, 0, 0, 0, 0, 0, 0, 0, 0, 0, 1, 1, 1, 1, 1, 1, 1, 1, 1, 1, 1, 1, 1, 1, 1, 1, 1, 1, 1, 1, 1, 1, 1, 1, 0, 0, 0, 0, 0, 0, 0, 0, 0, 0, 0, 0, 0, 0, 0, 0, 0, 0, 0, 0, 0, 0, 0, 0, 0, 0, 0, 0, 0, 0, 0, 0, 0, 0, 0, 0, 0, 0, 0, 0, 0, 0, 0, 0, 0, 0, 0, 0, 0, 0, 0, 0, 0, 0, 0, 0, 0, 0, 0, 0, 0, 0, 0, 0, 0, 0, 0, 0, 0, 0, 0, 0, 0, 0, 0, 0, 0, 0, 0, 0, 0, 0, 0, 0, 0, 0, 0, 0, 0, 0, 0, 0, 0, 0, 0, 0, 0, 0, 0, 0, 0, 0, 0, 0, 0, 0, 0, 0, 0, 0, 0, 0, 0, 0, 0, 0, 0, 0, 0, 0],
      "meanSurrounding":  [8.3575, 6.83, 4.865, 4.2225, 3.72375, 3.71875, 5.22625, 7.70875, 7.98125, 7.970000000000001, 8.457083333333333, 8.650380434782608, 8.726177536231884, 8.58072463768116, 8.555271739130434, 9.004818840579711, 9.019365942028987, 8.76516304347826, 8.945960144927536, 9.085507246376812, 9.206304347826087, 9.437101449275364, 9.34289855072464, 8.964945652173913, 8.71574275362319, 7.721539855072464, 7.03483695652174, 6.658134057971015, 6.575181159420291, 6.590978260869566, 7.369275362318841, 9.212572463768117, 9.737536231884057, 9.940000000000001, 8.311213768115941, 7.628260869565217, 7.180307971014493, 7.2986050724637686, 6.964402173913044, 7.053949275362319, 7.218496376811594, 7.20554347826087, 7.242590579710145, 7.27713768115942, 7.7091847826086966, 7.963731884057971, 7.855778985507246, 7.456576086956522, 7.188623188405797, 6.409420289855072, 5.7752173913043485, 5.5047644927536235, 5.441811594202899, 5.451358695652174, 5.96090579710145, 7.874202898550726, 9.686666666666667, 9.336666666666666, 8.69, 8.54375, 8.5625, 7.8675, 7.445, 7.3725000000000005, 7.1049999999999995, 6.77, 7.28125, 7.6362499999999995, 8.05875, 8.50375, 8.41375, 7.695, 6.852499999999999, 5.311249999999999, 3.9025, 3.47125, 3.1550000000000002, 3.2375, 4.29, 7.234999999999999, 7.895, 8.238333333333333, 8.79375, 8.8675, 8.09375, 7.2775, 7.08125, 7.58, 7.6425, 7.095, 7.1075, 7.125, 8.1625, 8.9525, 8.36875, 7.38625, 6.7225, 5.57125, 4.08875, 3.4587499999999998, 3.15, 3.1525, 3.9475, 6.96125, 7.295, 8.026666666666667, 8.16625, 7.859999999999999, 6.95375, 7.157500000000001, 7.36625, 6.952500000000001, 6.81375, 6.6025, 6.9312499999999995, 7.26375, 7.51375, 7.59625, 7.137499999999999, 6.605, 6.44625, 5.717499999999999, 4.21, 3.7125000000000004, 3.3862500000000004, 3.42, 4.137499999999999, 5.875, 5.6075, 7.0962499999999995, 8.35125, 8.993749999999999, 8.80875, 8.040000000000001, 7.5425, 7.36125, 6.8025, 6.595000000000001, 7.233750000000001, 7.845000000000001, 7.954999999999999, 7.7787500000000005, 7.215, 6.76125, 6.58875, 5.66125, 4.17375, 3.64625, 3.3475, 3.37125, 4.19875, 5.80125, 5.2675, 6.33875, 7.88375, 9.225, 9.33625, 8.442499999999999, 7.75625, 7.21875, 6.74, 6.28375, 6.983750000000001, 7.62125, 8.5, 9.93, 10.21625, 8.92]
    },
    "minFlow": {
      "datetime": [
        "2023-12-16T03:14:24.660Z"
      ],
      "data":  [6.4532638888888885, 7.5754166666666665, 6.727604166666667, 7.1121875, 6.332708333333334, 6.333854166666668, 6.7825],
      "anomaly": [0, 0, 0, 0, 0, 0, 0]
    },
    "dailyVolume": {
      "datetime": [
        "2023-12-16T03:14:24.660Z"
      ],
      "data": [557.38, 655.69, 578.86, 613.43, 546.17, 547.05, 584.87],
      "anomaly": [0, 0, 0, 0, 0, 0, 0]
    },
    "pressure": {
      "datetime": [
        "2023-12-16T03:14:24.660Z"
      ],
      "data": [
        0
      ],
      "anomaly": [0, 0, 0, 0, 0, 0, 0]
    },
    "minFlowMultmeanFlow": {
      "datetime": [
        "2023-12-16T03:14:24.660Z"
      ],
      "data":  [16.9882171875, 24.601165625, 20.569649739583333, 20.85648984375, 17.953228125, 20.379175781250005, 22.0092125],
      "anomaly": [0, 0, 0, 0, 1, 0, 0]
    },
    "minFlowDivmeanFlow": {
      "datetime": [
        "2023-12-16T03:14:24.660Z"
      ],
      "data": [0.40793310878431455, 0.42868929101809583, 0.45447085236510026, 0.41232040072059406, 0.4476757574760667, 0.5079845407450044, 0.47843715444157764],
      "anomaly": [1, 0, 0, 1, 0, 0, 0]
    },
    "meteo": {
      "datetime": [
        "2023-12-16T03:14:24.660Z"
      ],
      "precipitation": [
        0
      ],
      "temperature": [
        0
      ]
    },
    "AnomalousDays": {
      "datetime": [
        "2023-12-16T03:14:24.660Z"
      ],
      "anomaly": [1, 0, 1, 1, 0, 0, 0]
    }
  }
